time,power,voltage,current
21:46:47,557.0,244.1,272.0
21:47:17,557.0,244.1,272.0
21:47:47,557.0,244.1,272.0
21:48:18,557.0,244.1,272.0
21:48:49,557.0,244.1,272.0
21:49:19,557.0,244.1,272.0
21:49:49,557.0,244.1,272.0
21:50:19,557.0,244.1,272.0
21:50:50,557.0,244.1,272.0
21:51:20,557.0,244.1,272.0
21:51:50,557.0,244.1,272.0
21:52:20,557.0,244.1,272.0
21:52:50,557.0,244.1,272.0
21:53:21,557.0,244.1,272.0
21:53:51,557.0,244.1,272.0
21:54:21,508.0,244.6,252.0
21:54:51,508.0,244.6,252.0
21:55:22,508.0,244.6,252.0
21:55:52,508.0,244.6,252.0
21:56:22,508.0,244.6,252.0
21:56:52,508.0,244.6,252.0
21:57:23,508.0,244.6,252.0
21:57:53,508.0,244.6,252.0
21:58:23,508.0,244.6,252.0
21:58:53,508.0,244.6,252.0
21:59:24,508.0,244.6,252.0
21:59:54,508.0,244.6,252.0
22:00:03,508.0,244.6,252.0,0.004233,0.0374
22:00:33,508.0,244.6,252.0,0.008467,0.0748
22:01:03,508.0,244.6,252.0,0.0127,0.1123
22:01:34,508.0,244.6,252.0,0.016933,0.1497
22:02:04,508.0,244.6,252.0,0.021167,0.1871
22:02:34,508.0,244.6,252.0,0.0254,0.2245
22:03:04,508.0,244.6,252.0,0.029633,0.262
22:03:35,508.0,244.6,252.0,0.033867,0.2994
22:04:05,508.0,244.6,252.0,0.0381,0.3368
22:04:35,508.0,244.6,252.0,0.042333,0.3742
22:05:06,678.0,245.5,316.0,0.047983,0.4242
22:05:36,678.0,245.5,316.0,0.053633,0.4741
22:06:06,678.0,245.5,316.0,0.059283,0.5241
22:06:36,747.0,245.5,308.0,0.065508,0.5791
22:07:07,905.0,244.1,402.0,0.07305,0.6458
22:07:37,905.0,244.1,402.0,0.080592,0.7124
22:08:07,1104.0,245.5,476.0,0.089792,0.7938
22:08:38,1104.0,245.5,476.0,0.098992,0.8751
22:09:09,628.0,244.1,320.0,0.104225,0.9213
22:09:39,628.0,244.1,320.0,0.109458,0.9676
22:10:10,628.0,244.1,320.0,0.114692,1.0139
22:10:40,628.0,244.1,320.0,0.119925,1.0601
22:11:10,628.0,244.1,320.0,0.125158,1.1064
22:11:41,628.0,244.1,320.0,0.130392,1.1527
22:12:11,628.0,244.1,320.0,0.135625,1.1989
22:12:41,628.0,244.1,320.0,0.140858,1.2452
22:13:11,1051.0,245.0,461.0,0.149617,1.3226
22:13:42,775.0,245.0,307.0,0.156075,1.3797
22:14:13,775.0,245.0,307.0,0.162533,1.4368
22:14:43,775.0,245.0,307.0,0.168992,1.4939
22:15:13,775.0,245.0,307.0,0.17545,1.551
22:15:43,775.0,245.0,307.0,0.181908,1.6081
22:16:14,775.0,245.0,307.0,0.188367,1.6652
22:16:44,775.0,245.0,307.0,0.194825,1.7223
22:17:14,775.0,245.0,307.0,0.201283,1.7793
22:17:44,775.0,245.0,307.0,0.207742,1.8364
22:18:15,775.0,245.0,307.0,0.2142,1.8935
22:18:45,775.0,245.0,307.0,0.220658,1.9506
22:19:15,1067.0,246.0,404.0,0.22955,2.0292
22:19:45,1067.0,246.0,404.0,0.238442,2.1078
22:20:16,1067.0,246.0,404.0,0.247333,2.1864
22:20:46,1067.0,246.0,404.0,0.256225,2.265
22:21:16,1067.0,246.0,404.0,0.265117,2.3436
22:21:46,1067.0,246.0,404.0,0.274008,2.4222
22:22:17,1067.0,246.0,404.0,0.2829,2.5008
22:22:47,1067.0,246.0,404.0,0.291792,2.5794
22:23:17,1067.0,246.0,404.0,0.300683,2.658
22:23:47,1067.0,246.0,404.0,0.309575,2.7366
22:24:18,1158.0,245.0,486.0,0.319225,2.8219
22:24:48,1158.0,245.0,486.0,0.328875,2.9073
22:25:18,1158.0,245.0,486.0,0.338525,2.9926
22:25:48,1158.0,245.0,486.0,0.348175,3.0779
22:26:19,1158.0,245.0,486.0,0.357825,3.1632
22:26:49,1158.0,245.0,486.0,0.367475,3.2485
22:27:19,1158.0,245.0,486.0,0.377125,3.3338
22:27:49,1158.0,245.0,486.0,0.386775,3.4191
22:28:20,1158.0,245.0,486.0,0.396425,3.5044
22:29:20,1158.0,245.0,486.0,0.415725,3.675
22:29:50,1158.0,245.0,486.0,0.425375,3.7603
22:30:21,1392.0,244.6,579.0,0.436975,3.8629
22:30:51,1392.0,244.6,579.0,0.448575,3.9654
22:31:21,1035.0,246.0,447.0,0.4572,4.0416
22:31:51,1035.0,246.0,447.0,0.465825,4.1179
22:32:22,1035.0,246.0,447.0,0.47445,4.1941
22:32:52,1035.0,246.0,447.0,0.483075,4.2704
22:33:22,1035.0,246.0,447.0,0.4917,4.3466
22:33:52,1035.0,246.0,447.0,0.500325,4.4229
22:34:23,1035.0,246.0,447.0,0.50895,4.4991
22:34:53,1035.0,246.0,447.0,0.517575,4.5754
22:35:23,1035.0,246.0,447.0,0.5262,4.6516
22:35:53,1035.0,246.0,447.0,0.534825,4.7279
22:36:24,1023.0,245.5,439.0,0.54335,4.8032
22:36:54,1023.0,245.5,439.0,0.551875,4.8786
22:37:24,1023.0,245.5,439.0,0.5604,4.9539
22:37:54,1023.0,245.5,439.0,0.568925,5.0293
22:38:25,1023.0,245.5,439.0,0.57745,5.1047
22:38:55,1023.0,245.5,439.0,0.585975,5.18
22:39:25,1023.0,245.5,439.0,0.5945,5.2554
22:39:55,1023.0,245.5,439.0,0.603025,5.3307
22:40:26,1023.0,245.5,439.0,0.61155,5.4061
22:40:56,1023.0,245.5,439.0,0.620075,5.4815
22:41:26,1023.0,245.5,439.0,0.6286,5.5568
22:41:56,1023.0,245.5,439.0,0.637125,5.6322
22:42:27,1023.0,245.5,439.0,0.64565,5.7075
22:42:57,1023.0,245.5,439.0,0.654175,5.7829
22:43:27,1023.0,245.5,439.0,0.6627,5.8583
22:43:57,1023.0,245.5,439.0,0.671225,5.9336
22:44:27,1023.0,245.5,439.0,0.67975,6.009
22:44:58,1023.0,245.5,439.0,0.688275,6.0844
22:45:28,1023.0,245.5,439.0,0.6968,6.1597
22:45:58,1023.0,245.5,439.0,0.705325,6.2351
22:46:28,1023.0,245.5,439.0,0.71385,6.3104
22:46:59,1023.0,245.5,439.0,0.722375,6.3858
22:47:29,1023.0,245.5,439.0,0.7309,6.4612
22:47:59,1023.0,245.5,439.0,0.739425,6.5365
22:48:30,1023.0,245.5,439.0,0.74795,6.6119
22:49:00,1023.0,245.5,439.0,0.756475,6.6872
22:49:30,1023.0,245.5,439.0,0.765,6.7626
22:50:01,1023.0,245.5,439.0,0.773525,6.838
22:50:31,1023.0,245.5,439.0,0.78205,6.9133
22:51:01,1023.0,245.5,439.0,0.790575,6.9887
22:51:31,1023.0,245.5,439.0,0.7991,7.064
22:52:02,1023.0,245.5,439.0,0.807625,7.1394
22:52:32,1023.0,245.5,439.0,0.81615,7.2148
22:53:02,1023.0,245.5,439.0,0.824675,7.2901
22:53:32,1023.0,245.5,439.0,0.8332,7.3655
22:54:02,1023.0,245.5,439.0,0.841725,7.4408
22:54:33,1023.0,245.5,439.0,0.85025,7.5162
22:55:03,1023.0,245.5,439.0,0.858775,7.5916
22:55:33,1023.0,245.5,439.0,0.8673,7.6669
22:56:04,1023.0,245.5,439.0,0.875825,7.7423
22:56:34,1023.0,245.5,439.0,0.88435,7.8177
22:57:04,1023.0,245.5,439.0,0.892875,7.893
22:57:34,1023.0,245.5,439.0,0.9014,7.9684
22:58:05,1023.0,245.5,439.0,0.909925,8.0437
22:58:35,1364.0,243.7,580.0,0.921292,8.1442
22:59:05,1321.0,244.1,572.0,0.9323,8.2415
22:59:35,1321.0,244.1,572.0,0.943308,8.3388
23:00:06,1321.0,244.1,572.0,0.954317,8.4362
23:00:36,1321.0,244.1,572.0,0.965325,8.5335
23:01:06,1321.0,244.1,572.0,0.976333,8.6308
23:01:36,1321.0,244.1,572.0,0.987342,8.7281
23:02:07,1321.0,244.1,572.0,0.99835,8.8254
23:02:37,1321.0,244.1,572.0,1.009358,8.9227
23:03:07,1321.0,244.1,572.0,1.020367,9.02
23:03:37,1321.0,244.1,572.0,1.031375,9.1174
23:04:08,1321.0,244.1,572.0,1.042383,9.2147
23:04:38,1321.0,244.1,572.0,1.053392,9.312
23:05:08,1321.0,244.1,572.0,1.0644,9.4093
23:05:39,1321.0,244.1,572.0,1.075408,9.5066
23:08:39,876.0,238.2,362.0,1.082708,9.5711
23:25:50,680.0,239.1,317.0,1.09965,9.7209
23:26:21,680.0,239.1,317.0,1.105317,9.771
23:26:51,680.0,239.1,317.0,1.110983,9.8211
23:27:51,802.0,239.1,356.0,1.123333,9.9303
23:43:05,635.0,239.6,302.0,1.148675,10.1543
23:43:35,635.0,239.6,302.0,1.153967,10.2011
23:44:05,635.0,239.6,302.0,1.159258,10.2478
23:44:36,635.0,239.6,302.0,1.16455,10.2946
23:45:06,821.0,238.2,360.0,1.171392,10.3551
23:45:36,964.0,238.7,416.0,1.179425,10.4261
23:46:06,964.0,238.7,416.0,1.187458,10.4971
23:49:07,964.0,238.7,416.0,1.195492,10.5681
23:52:38,1020.0,239.1,443.0,1.203992,10.6433
23:53:08,1020.0,239.1,443.0,1.212492,10.7184
23:53:38,1020.0,239.1,443.0,1.220992,10.7936
23:55:09,1020.0,239.1,443.0,1.229492,10.8687
23:55:40,1020.0,239.1,443.0,1.237992,10.9438
23:57:11,996.0,239.1,380.0,1.246292,11.0172
23:57:41,996.0,239.1,380.0,1.254592,11.0906
23:58:11,996.0,239.1,380.0,1.262892,11.164
23:59:12,986.0,240.0,406.0,1.279325,11.3092
23:59:42,986.0,240.0,406.0,1.287542,11.3819
00:00:13,986.0,240.0,406.0,0.008217,0.0726
00:00:43,986.0,240.0,406.0,0.016433,0.1453
00:01:13,986.0,240.0,406.0,0.02465,0.2179
00:01:44,986.0,240.0,406.0,0.032867,0.2905
00:02:14,986.0,240.0,406.0,0.041083,0.3632
00:02:44,986.0,240.0,406.0,0.0493,0.4358
00:03:15,986.0,240.0,406.0,0.057517,0.5084
00:03:45,986.0,240.0,406.0,0.065733,0.5811
00:04:15,986.0,240.0,406.0,0.07395,0.6537
00:04:46,986.0,240.0,406.0,0.082167,0.7264
00:05:16,986.0,240.0,406.0,0.090383,0.799
00:05:46,986.0,240.0,406.0,0.0986,0.8716
00:08:48,923.0,240.9,413.0,0.106292,0.9396
00:09:48,923.0,240.9,413.0,0.121675,1.0756
00:10:19,1112.0,240.0,493.0,0.130942,1.1575
00:12:19,1112.0,240.0,493.0,0.140208,1.2394
00:12:50,1112.0,240.0,493.0,0.149475,1.3214
00:13:20,906.0,239.1,396.0,0.157025,1.3881
00:13:50,906.0,239.1,396.0,0.164575,1.4548
00:14:21,906.0,239.1,396.0,0.172125,1.5216
00:14:51,906.0,239.1,396.0,0.179675,1.5883
00:15:51,906.0,239.1,396.0,0.194775,1.7218
00:16:22,906.0,239.1,396.0,0.202325,1.7886
00:36:54,1333.0,240.9,558.0,0.213433,1.8868
00:37:25,1333.0,240.9,558.0,0.224542,1.9849
00:37:55,1333.0,240.9,558.0,0.23565,2.0831
00:38:25,1333.0,240.9,558.0,0.246758,2.1813
00:38:55,1333.0,240.9,558.0,0.257867,2.2795
00:39:26,1333.0,240.9,558.0,0.268975,2.3777
00:39:56,1333.0,240.9,558.0,0.280083,2.4759
00:40:26,1333.0,240.9,558.0,0.291192,2.5741
00:40:57,1333.0,240.9,558.0,0.3023,2.6723
00:41:27,1333.0,240.9,558.0,0.313408,2.7705
00:41:57,1333.0,240.9,558.0,0.324517,2.8687
00:42:27,1333.0,240.9,558.0,0.335625,2.9669
00:42:58,1333.0,240.9,558.0,0.346733,3.0651
00:43:28,1333.0,240.9,558.0,0.357842,3.1633
00:43:58,1333.0,240.9,558.0,0.36895,3.2615
00:44:29,1333.0,240.9,558.0,0.380058,3.3597
00:45:59,1333.0,240.9,558.0,0.391167,3.4579
00:46:30,1333.0,240.9,558.0,0.402275,3.5561
00:47:30,1333.0,240.9,558.0,0.424492,3.7525
00:48:31,1333.0,240.9,558.0,0.446708,3.9489
00:49:01,1333.0,240.9,558.0,0.457817,4.0471
00:49:31,1333.0,240.9,558.0,0.468925,4.1453
00:50:02,1333.0,240.9,558.0,0.480033,4.2435
00:50:32,1333.0,240.9,558.0,0.491142,4.3417
00:51:02,1333.0,240.9,558.0,0.50225,4.4399
00:52:33,767.0,240.9,331.0,0.508642,4.4964
00:53:03,1343.0,240.9,565.0,0.519833,4.5953
00:53:34,1343.0,240.9,565.0,0.531025,4.6943
00:54:04,1343.0,240.9,565.0,0.542217,4.7932
00:55:05,1343.0,240.9,565.0,0.5646,4.9911
00:55:35,1343.0,240.9,565.0,0.575792,5.09
00:56:05,662.0,241.4,314.0,0.581308,5.1388
00:56:35,1368.0,240.9,585.0,0.592708,5.2395
00:57:06,1372.0,240.9,553.0,0.604142,5.3406
00:57:36,1372.0,240.9,553.0,0.615575,5.4417
00:58:06,1372.0,240.9,553.0,0.627008,5.5428
00:59:07,1372.0,240.9,553.0,0.649875,5.7449
00:59:37,1372.0,240.9,553.0,0.661308,5.846
01:04:28,1372.0,240.9,553.0,0.011433,0.1011
01:04:29,1372.0,240.9,553.0,0.011433,0.1011
01:04:58,1372.0,240.9,553.0,0.022867,0.2021
01:05:00,1372.0,240.9,553.0,0.022867,0.2021
01:05:28,1372.0,240.9,553.0,0.0343,0.3032
01:05:30,1372.0,240.9,553.0,0.0343,0.3032
01:05:59,1372.0,240.9,553.0,0.045733,0.4043
01:06:00,1372.0,240.9,553.0,0.045733,0.4043
01:06:29,1372.0,240.9,553.0,0.057167,0.5054
01:06:30,1372.0,240.9,553.0,0.057167,0.5054
01:06:59,1372.0,240.9,553.0,0.0686,0.6064
01:07:01,1372.0,240.9,553.0,0.0686,0.6064
01:07:29,1372.0,240.9,553.0,0.080033,0.7075
01:07:31,1372.0,240.9,553.0,0.080033,0.7075
01:08:00,1372.0,240.9,553.0,0.091467,0.8086
01:08:01,1372.0,240.9,553.0,0.091467,0.8086
01:08:31,1372.0,240.9,553.0,0.1029,0.9096
01:08:32,1372.0,240.9,553.0,0.1029,0.9096
01:09:01,1372.0,240.9,553.0,0.114333,1.0107
01:09:02,1372.0,240.9,553.0,0.114333,1.0107
01:09:31,1372.0,240.9,553.0,0.125767,1.1118
01:09:33,1372.0,240.9,553.0,0.125767,1.1118
01:10:02,1372.0,240.9,553.0,0.1372,1.2128
01:10:03,1372.0,240.9,553.0,0.1372,1.2128
01:10:33,1372.0,240.9,553.0,0.148633,1.3139
01:11:02,1372.0,240.9,553.0,0.160067,1.415
01:11:03,1372.0,240.9,553.0,0.160067,1.415
01:11:32,1372.0,240.9,553.0,0.1715,1.5161
01:11:34,1372.0,240.9,553.0,0.1715,1.5161
01:12:03,1372.0,240.9,553.0,0.182933,1.6171
01:12:04,1372.0,240.9,553.0,0.182933,1.6171
01:12:33,1372.0,240.9,553.0,0.194367,1.7182
01:12:34,1372.0,240.9,553.0,0.194367,1.7182
01:13:03,1372.0,240.9,553.0,0.2058,1.8193
01:13:34,1372.0,240.9,553.0,0.217233,1.9203
01:13:34,1372.0,240.9,553.0,0.217233,1.9203
01:14:04,1372.0,240.9,553.0,0.228667,2.0214
01:14:05,1372.0,240.9,553.0,0.228667,2.0214
01:14:34,1372.0,240.9,553.0,0.2401,2.1225
01:14:35,1372.0,240.9,553.0,0.2401,2.1225
01:15:04,1372.0,240.9,553.0,0.251533,2.2236
01:15:05,1372.0,240.9,553.0,0.251533,2.2236
01:15:35,1372.0,240.9,553.0,0.262967,2.3246
01:15:35,1372.0,240.9,553.0,0.262967,2.3246
01:16:05,1372.0,240.9,553.0,0.2744,2.4257
01:16:06,1372.0,240.9,553.0,0.2744,2.4257
01:16:35,1372.0,240.9,553.0,0.285833,2.5268
01:16:36,1372.0,240.9,553.0,0.285833,2.5268
01:17:05,1372.0,240.9,553.0,0.297267,2.6278
01:17:06,1372.0,240.9,553.0,0.297267,2.6278
01:17:36,918.0,243.2,413.0,0.304917,2.6955
01:17:36,918.0,243.2,413.0,0.304917,2.6955
01:18:06,918.0,243.2,413.0,0.312567,2.7631
01:18:07,644.0,243.2,282.0,0.310283,2.7429
01:18:36,644.0,243.2,282.0,0.317933,2.8105
01:18:37,644.0,243.2,282.0,0.31565,2.7903
01:19:06,685.0,243.2,299.0,0.323642,2.861
01:19:07,685.0,243.2,299.0,0.321358,2.8408
01:19:37,685.0,243.2,299.0,0.32935,2.9115
01:19:37,685.0,243.2,299.0,0.327067,2.8913
01:20:07,685.0,243.2,299.0,0.335058,2.9619
01:20:07,685.0,243.2,299.0,0.332775,2.9417
01:22:53,685.0,243.2,299.0,0.005708,0.0505
01:22:54,685.0,243.2,299.0,0.005708,0.0505
01:23:23,703.0,243.7,305.0,0.011567,0.1022
01:23:24,703.0,243.7,305.0,0.011567,0.1022
01:23:54,703.0,243.7,305.0,0.017425,0.154
01:23:56,703.0,243.7,305.0,0.017425,0.154
01:24:25,551.0,243.2,268.0,0.022017,0.1946
01:24:26,551.0,243.2,268.0,0.022017,0.1946
01:24:55,551.0,243.2,268.0,0.026608,0.2352
01:24:57,551.0,243.2,268.0,0.026608,0.2352
01:25:27,551.0,243.2,268.0,0.0312,0.2758
01:25:27,551.0,243.2,268.0,0.0312,0.2758
01:25:57,551.0,243.2,268.0,0.035792,0.3164
01:25:57,551.0,243.2,268.0,0.035792,0.3164
01:26:27,551.0,243.2,268.0,0.040383,0.357
01:26:28,551.0,243.2,268.0,0.040383,0.357
01:26:58,551.0,243.2,268.0,0.044975,0.3976
01:26:58,551.0,243.2,268.0,0.044975,0.3976
01:27:28,551.0,243.2,268.0,0.049567,0.4382
01:27:28,551.0,243.2,268.0,0.049567,0.4382
01:27:58,781.0,242.3,296.0,0.056075,0.4957
01:27:58,781.0,242.3,296.0,0.056075,0.4957
01:28:29,781.0,242.3,296.0,0.062583,0.5532
01:28:29,781.0,242.3,296.0,0.062583,0.5532
01:28:59,759.0,242.3,328.0,0.068908,0.6091
01:28:59,759.0,242.3,328.0,0.068908,0.6091
01:29:29,583.0,242.7,288.0,0.073767,0.6521
01:29:29,583.0,242.7,288.0,0.073767,0.6521
01:30:00,583.0,242.7,288.0,0.078625,0.695
01:30:00,583.0,242.7,288.0,0.078625,0.695
01:30:30,583.0,242.7,288.0,0.083483,0.738
01:30:30,583.0,242.7,288.0,0.083483,0.738
01:31:00,583.0,242.7,288.0,0.088342,0.7809
01:31:00,583.0,242.7,288.0,0.088342,0.7809
01:31:30,583.0,242.7,288.0,0.0932,0.8239
01:31:30,583.0,242.7,288.0,0.0932,0.8239
01:32:01,583.0,242.7,288.0,0.098058,0.8668
01:32:01,583.0,242.7,288.0,0.098058,0.8668
01:32:31,583.0,242.7,288.0,0.102917,0.9098
01:32:31,583.0,242.7,288.0,0.102917,0.9098
01:33:02,583.0,242.7,288.0,0.107775,0.9527
01:33:02,583.0,242.7,288.0,0.107775,0.9527
01:33:33,583.0,242.7,288.0,0.112633,0.9957
01:33:33,583.0,242.7,288.0,0.112633,0.9957
01:34:03,835.0,243.7,446.0,0.119592,1.0572
01:34:03,835.0,243.7,446.0,0.119592,1.0572
01:34:34,565.0,243.2,279.0,0.1243,1.0988
01:34:34,565.0,243.2,279.0,0.1243,1.0988
01:35:04,565.0,243.2,279.0,0.129008,1.1404
01:35:04,565.0,243.2,279.0,0.129008,1.1404
01:35:34,565.0,243.2,279.0,0.133717,1.1821
01:35:34,565.0,243.2,279.0,0.133717,1.1821
01:36:05,565.0,243.2,279.0,0.138425,1.2237
01:36:05,565.0,243.2,279.0,0.138425,1.2237
01:36:35,565.0,243.2,279.0,0.143133,1.2653
01:36:35,565.0,243.2,279.0,0.143133,1.2653
01:37:05,565.0,243.2,279.0,0.147842,1.3069
01:37:05,565.0,243.2,279.0,0.147842,1.3069
01:37:36,565.0,243.2,279.0,0.15255,1.3485
01:37:36,565.0,243.2,279.0,0.15255,1.3485
01:38:06,565.0,243.2,279.0,0.157258,1.3902
01:38:06,565.0,243.2,279.0,0.157258,1.3902
01:38:37,565.0,243.2,279.0,0.161967,1.4318
01:38:37,565.0,243.2,279.0,0.161967,1.4318
01:39:07,565.0,243.2,279.0,0.166675,1.4734
01:39:07,565.0,243.2,279.0,0.166675,1.4734
01:39:38,565.0,243.2,279.0,0.171383,1.515
01:39:38,565.0,243.2,279.0,0.171383,1.515
01:40:08,565.0,243.2,279.0,0.176092,1.5567
01:40:08,565.0,243.2,279.0,0.176092,1.5567
01:40:38,565.0,243.2,279.0,0.1808,1.5983
01:40:38,565.0,243.2,279.0,0.1808,1.5983
01:41:08,565.0,243.2,279.0,0.185508,1.6399
01:41:08,565.0,243.2,279.0,0.185508,1.6399
01:41:39,715.0,243.2,366.0,0.191467,1.6926
01:41:39,715.0,243.2,366.0,0.191467,1.6926
01:42:09,577.0,242.7,273.0,0.196275,1.7351
01:42:09,577.0,242.7,273.0,0.196275,1.7351
01:42:39,577.0,242.7,273.0,0.201083,1.7776
01:42:39,577.0,242.7,273.0,0.201083,1.7776
01:43:10,577.0,242.7,273.0,0.205892,1.8201
01:43:10,577.0,242.7,273.0,0.205892,1.8201
01:43:40,577.0,242.7,273.0,0.2107,1.8626
01:43:40,577.0,242.7,273.0,0.2107,1.8626
01:44:10,1018.0,242.3,442.0,0.219183,1.9376
01:44:10,1018.0,242.3,442.0,0.219183,1.9376
01:44:40,584.0,242.7,272.0,0.22405,1.9806
01:44:40,584.0,242.7,272.0,0.22405,1.9806
01:45:11,584.0,242.7,272.0,0.228917,2.0236
01:45:11,584.0,242.7,272.0,0.228917,2.0236
01:45:41,584.0,242.7,272.0,0.233783,2.0666
01:45:41,584.0,242.7,272.0,0.233783,2.0666
01:46:11,584.0,242.7,272.0,0.23865,2.1097
01:46:11,584.0,242.7,272.0,0.23865,2.1097
01:46:42,584.0,242.7,272.0,0.243517,2.1527
01:46:42,584.0,242.7,272.0,0.243517,2.1527
01:47:12,584.0,242.7,272.0,0.248383,2.1957
01:47:12,584.0,242.7,272.0,0.248383,2.1957
01:47:42,584.0,242.7,272.0,0.25325,2.2387
01:47:42,584.0,242.7,272.0,0.25325,2.2387
01:48:12,584.0,242.7,272.0,0.258117,2.2818
01:48:12,584.0,242.7,272.0,0.258117,2.2818
01:48:44,584.0,242.7,272.0,0.262983,2.3248
01:48:44,584.0,242.7,272.0,0.262983,2.3248
01:49:14,584.0,242.7,272.0,0.26785,2.3678
01:49:14,584.0,242.7,272.0,0.26785,2.3678
01:49:44,584.0,242.7,272.0,0.272717,2.4108
01:49:44,584.0,242.7,272.0,0.272717,2.4108
01:50:14,584.0,242.7,272.0,0.277583,2.4538
01:50:14,584.0,242.7,272.0,0.277583,2.4538
01:50:45,721.0,242.7,313.0,0.283592,2.507
01:50:45,721.0,242.7,313.0,0.283592,2.507
01:51:15,721.0,242.7,313.0,0.2896,2.5601
01:51:15,721.0,242.7,313.0,0.2896,2.5601
01:51:45,721.0,242.7,313.0,0.295608,2.6132
01:51:45,721.0,242.7,313.0,0.295608,2.6132
01:52:15,721.0,242.7,313.0,0.301617,2.6663
01:52:15,721.0,242.7,313.0,0.301617,2.6663
01:52:46,721.0,242.7,313.0,0.307625,2.7194
01:52:46,721.0,242.7,313.0,0.307625,2.7194
01:53:16,721.0,242.7,313.0,0.313633,2.7725
01:53:16,721.0,242.7,313.0,0.313633,2.7725
01:53:46,721.0,242.7,313.0,0.319642,2.8256
01:53:46,721.0,242.7,313.0,0.319642,2.8256
01:54:17,884.0,244.1,412.0,0.327008,2.8908
01:54:17,884.0,244.1,412.0,0.327008,2.8908
01:54:58,647.0,243.7,311.0,0.3324,2.9384
01:54:58,647.0,243.7,311.0,0.3324,2.9384
01:55:37,647.0,243.7,311.0,0.337792,2.9861
01:55:37,647.0,243.7,311.0,0.337792,2.9861
01:56:14,647.0,243.7,311.0,0.343183,3.0337
01:56:14,647.0,243.7,311.0,0.343183,3.0337
01:56:50,647.0,243.7,311.0,0.348575,3.0814
01:56:50,647.0,243.7,311.0,0.348575,3.0814
01:57:30,647.0,243.7,311.0,0.353967,3.1291
01:57:30,647.0,243.7,311.0,0.353967,3.1291
01:58:09,647.0,243.7,311.0,0.359358,3.1767
01:58:09,647.0,243.7,311.0,0.359358,3.1767
01:58:48,647.0,243.7,311.0,0.36475,3.2244
01:58:48,647.0,243.7,311.0,0.36475,3.2244
01:59:26,647.0,243.7,311.0,0.370142,3.2721
01:59:26,647.0,243.7,311.0,0.370142,3.2721
02:00:05,812.0,243.2,339.0,0.376908,3.3319
02:00:05,812.0,243.2,339.0,0.376908,3.3319
02:00:38,812.0,243.2,339.0,0.383675,3.3917
02:00:38,812.0,243.2,339.0,0.383675,3.3917
02:01:11,812.0,243.2,339.0,0.390442,3.4515
02:01:11,812.0,243.2,339.0,0.390442,3.4515
02:01:41,812.0,243.2,339.0,0.397208,3.5113
02:01:41,812.0,243.2,339.0,0.397208,3.5113
02:02:11,743.0,243.7,308.0,0.4034,3.5661
02:02:11,743.0,243.7,308.0,0.4034,3.5661
02:02:42,743.0,243.7,308.0,0.409592,3.6208
02:02:42,743.0,243.7,308.0,0.409592,3.6208
02:03:12,743.0,243.7,308.0,0.415783,3.6755
02:03:12,743.0,243.7,308.0,0.415783,3.6755
02:03:43,743.0,243.7,308.0,0.421975,3.7303
02:03:43,743.0,243.7,308.0,0.421975,3.7303
02:03:50,743.0,243.7,308.0,0.006192,0.0547
02:04:13,743.0,243.7,308.0,0.428167,3.785
02:04:20,743.0,243.7,308.0,0.012383,0.1095
02:04:43,743.0,243.7,308.0,0.434358,3.8397
02:04:50,743.0,243.7,308.0,0.018575,0.1642
02:05:13,743.0,243.7,308.0,0.44055,3.8945
02:05:21,743.0,243.7,308.0,0.024767,0.2189
02:05:44,743.0,243.7,308.0,0.446742,3.9492
02:05:51,743.0,243.7,308.0,0.030958,0.2737
02:06:14,743.0,243.7,308.0,0.452933,4.0039
02:06:21,743.0,243.7,308.0,0.03715,0.3284
02:06:44,743.0,243.7,308.0,0.459125,4.0587
02:06:51,743.0,243.7,308.0,0.043342,0.3831
02:07:14,743.0,243.7,308.0,0.465317,4.1134
02:07:22,743.0,243.7,308.0,0.049533,0.4379
02:07:45,743.0,243.7,308.0,0.471508,4.1681
02:07:52,743.0,243.7,308.0,0.055725,0.4926
02:08:22,743.0,243.7,308.0,0.061917,0.5473
02:08:46,743.0,243.7,308.0,0.4777,4.2229
02:08:53,743.0,243.7,308.0,0.068108,0.6021
02:09:16,743.0,243.7,308.0,0.483892,4.2776
02:09:23,743.0,243.7,308.0,0.0743,0.6568
02:09:46,743.0,243.7,308.0,0.490083,4.3323
02:09:53,743.0,243.7,308.0,0.080492,0.7115
02:10:17,743.0,243.7,308.0,0.496275,4.3871
02:10:23,743.0,243.7,308.0,0.086683,0.7663
02:10:47,743.0,243.7,308.0,0.502467,4.4418
02:10:54,743.0,243.7,308.0,0.092875,0.821
02:11:17,743.0,243.7,308.0,0.508658,4.4965
02:11:24,743.0,243.7,308.0,0.099067,0.8757
02:11:47,743.0,243.7,308.0,0.51485,4.5513
02:11:54,743.0,243.7,308.0,0.105258,0.9305
02:12:18,743.0,243.7,308.0,0.521042,4.606
02:12:24,743.0,243.7,308.0,0.11145,0.9852
02:12:48,1143.0,244.1,453.0,0.530567,4.6902
02:12:55,1143.0,244.1,453.0,0.120975,1.0694
02:13:19,1143.0,244.1,453.0,0.540092,4.7744
02:13:25,1143.0,244.1,453.0,0.1305,1.1536
02:13:49,1143.0,244.1,453.0,0.549617,4.8586
02:13:55,1143.0,244.1,453.0,0.140025,1.2378
02:14:19,1143.0,244.1,453.0,0.559142,4.9428
02:14:25,1143.0,244.1,453.0,0.14955,1.322
02:14:50,1143.0,244.1,453.0,0.568667,5.027
02:14:55,1143.0,244.1,453.0,0.159075,1.4062
02:15:20,1143.0,244.1,453.0,0.578192,5.1112
02:15:26,1143.0,244.1,453.0,0.1686,1.4904
02:15:50,1143.0,244.1,453.0,0.587717,5.1954
02:15:56,1143.0,244.1,453.0,0.178125,1.5746
02:16:20,1143.0,244.1,453.0,0.597242,5.2796
02:16:26,1143.0,244.1,453.0,0.18765,1.6588
21:28:22,82.0,247.4,66.0,0.000683,0.006
21:28:24,82.0,247.4,66.0,0.000683,0.006
21:28:53,82.0,247.4,66.0,0.001367,0.0121
21:28:54,82.0,247.4,66.0,0.001367,0.0121
21:29:23,82.0,247.4,66.0,0.00205,0.0181
21:29:25,82.0,247.4,66.0,0.00205,0.0181
21:29:53,82.0,247.4,66.0,0.002733,0.0242
21:29:55,82.0,247.4,66.0,0.002733,0.0242
21:30:24,82.0,247.4,66.0,0.003417,0.0302
21:30:25,82.0,247.4,66.0,0.003417,0.0302
21:30:54,82.0,247.4,66.0,0.0041,0.0362
21:30:56,82.0,247.4,66.0,0.0041,0.0362
21:31:25,82.0,247.4,66.0,0.004783,0.0423
21:31:26,82.0,247.4,66.0,0.004783,0.0423
21:31:55,82.0,247.4,66.0,0.005467,0.0483
21:31:57,82.0,247.4,66.0,0.005467,0.0483
21:32:26,82.0,247.4,66.0,0.00615,0.0544
21:32:27,82.0,247.4,66.0,0.00615,0.0544
21:32:56,71.0,251.3,53.0,0.006742,0.0596
21:32:57,71.0,251.3,53.0,0.006742,0.0596
21:33:26,71.0,251.3,53.0,0.007333,0.0648
21:33:27,71.0,251.3,53.0,0.007333,0.0648
21:33:57,77.0,251.3,54.0,0.007975,0.0705
21:33:58,77.0,251.3,54.0,0.007975,0.0705
21:34:27,77.0,251.3,54.0,0.008617,0.0762
21:34:28,70.0,244.6,52.0,0.008558,0.0757
21:34:57,70.0,244.6,52.0,0.0092,0.0813
21:34:59,70.0,244.6,52.0,0.009142,0.0808
21:35:27,70.0,244.6,52.0,0.009783,0.0865
21:35:29,70.0,244.6,52.0,0.009725,0.086
21:35:58,70.0,244.6,52.0,0.010367,0.0916
21:35:59,70.0,244.6,52.0,0.010308,0.0911
21:36:28,76.0,244.6,53.0,0.011,0.0972
21:36:30,76.0,244.6,53.0,0.010942,0.0967
21:36:58,76.0,244.6,53.0,0.011633,0.1028
21:37:00,76.0,244.6,53.0,0.011575,0.1023
21:37:28,76.0,244.6,53.0,0.012267,0.1084
21:37:30,76.0,244.6,53.0,0.012208,0.1079
21:37:59,76.0,244.6,53.0,0.0129,0.114
21:38:01,76.0,244.6,53.0,0.012842,0.1135
21:38:29,76.0,244.6,53.0,0.013533,0.1196
21:38:31,76.0,244.6,53.0,0.013475,0.1191
21:38:59,76.0,244.6,53.0,0.014167,0.1252
21:39:01,76.0,244.6,53.0,0.014108,0.1247
21:39:29,94.0,247.4,62.0,0.01495,0.1322
21:39:31,94.0,247.4,62.0,0.014892,0.1316
21:40:00,95.0,249.3,69.0,0.015742,0.1392
21:40:02,95.0,249.3,69.0,0.015683,0.1386
21:40:31,95.0,247.9,66.0,0.016533,0.1462
21:40:33,95.0,247.9,66.0,0.016475,0.1456
21:41:05,103.0,248.4,63.0,0.017392,0.1537
21:41:06,103.0,248.4,63.0,0.017333,0.1532
21:41:35,103.0,248.4,63.0,0.01825,0.1613
21:41:37,103.0,248.4,63.0,0.018192,0.1608
21:42:05,103.0,248.4,63.0,0.019108,0.1689
21:42:07,103.0,248.4,63.0,0.01905,0.1684
21:42:37,103.0,248.4,63.0,0.019967,0.1765
21:42:39,103.0,248.4,63.0,0.019908,0.176
21:43:08,103.0,248.4,63.0,0.020825,0.1841
21:43:09,103.0,248.4,63.0,0.020767,0.1836
21:43:45,103.0,248.4,63.0,0.021625,0.1912
21:43:45,103.0,248.4,63.0,0.021683,0.1917
21:44:16,103.0,248.4,63.0,0.022542,0.1993
21:44:16,103.0,248.4,63.0,0.022483,0.1988
21:44:47,103.0,248.4,63.0,0.0234,0.2069
21:44:47,103.0,248.4,63.0,0.023342,0.2063
21:45:17,83.0,243.2,53.0,0.024033,0.2125
21:45:17,83.0,243.2,53.0,0.024092,0.213
21:45:48,83.0,243.2,53.0,0.024725,0.2186
21:45:48,83.0,243.2,53.0,0.024783,0.2191
21:46:21,83.0,243.2,53.0,0.025417,0.2247
21:46:22,83.0,243.2,53.0,0.025475,0.2252
21:46:52,83.0,243.2,53.0,0.026167,0.2313
21:46:52,83.0,243.2,53.0,0.026108,0.2308
21:47:22,83.0,243.2,53.0,0.0268,0.2369
21:47:22,83.0,243.2,53.0,0.026858,0.2374
21:47:52,83.0,243.2,53.0,0.027492,0.243
21:47:52,83.0,243.2,53.0,0.02755,0.2435
21:48:24,83.0,249.8,58.0,0.028183,0.2491
21:48:24,83.0,249.8,58.0,0.028242,0.2497
21:48:55,83.0,249.8,58.0,0.028933,0.2558
21:48:55,83.0,249.8,58.0,0.028875,0.2553
21:49:25,83.0,249.8,58.0,0.029625,0.2619
21:49:25,83.0,249.8,58.0,0.029567,0.2614
21:49:55,83.0,249.8,58.0,0.030258,0.2675
21:49:55,83.0,249.8,58.0,0.030317,0.268
21:50:25,83.0,249.8,58.0,0.03095,0.2736
21:50:25,83.0,249.8,58.0,0.031008,0.2741
21:50:56,83.0,249.8,58.0,0.0317,0.2802
21:50:56,83.0,249.8,58.0,0.031642,0.2797
21:51:26,71.0,246.5,53.0,0.032233,0.2849
21:51:26,71.0,246.5,53.0,0.032292,0.2855
21:51:56,71.0,246.5,53.0,0.032825,0.2902
21:51:56,71.0,246.5,53.0,0.032883,0.2907
21:52:26,71.0,246.5,53.0,0.033475,0.2959
21:52:26,71.0,246.5,53.0,0.033417,0.2954
21:52:57,71.0,246.5,53.0,0.034067,0.3011
21:52:57,71.0,246.5,53.0,0.034008,0.3006
21:53:27,71.0,246.5,53.0,0.0346,0.3059
21:53:27,71.0,246.5,53.0,0.034658,0.3064
21:53:57,71.0,246.5,53.0,0.03525,0.3116
21:53:57,71.0,246.5,53.0,0.035192,0.3111
21:54:27,71.0,246.5,53.0,0.035783,0.3163
21:54:27,71.0,246.5,53.0,0.035842,0.3168
21:54:58,71.0,246.5,53.0,0.036375,0.3216
21:54:58,71.0,246.5,53.0,0.036433,0.3221
21:55:28,71.0,246.5,53.0,0.036967,0.3268
21:55:28,71.0,246.5,53.0,0.037025,0.3273
21:55:58,71.0,246.5,53.0,0.037558,0.332
21:55:58,71.0,246.5,53.0,0.037617,0.3325
21:56:28,71.0,246.5,53.0,0.038208,0.3378
21:56:28,71.0,246.5,53.0,0.03815,0.3372
21:56:59,71.0,246.5,53.0,0.0388,0.343
21:56:59,71.0,246.5,53.0,0.038742,0.3425
21:57:29,71.0,246.5,53.0,0.039392,0.3482
21:57:29,71.0,246.5,53.0,0.039333,0.3477
21:57:59,71.0,246.5,53.0,0.039983,0.3535
21:58:00,71.0,246.5,53.0,0.039925,0.3529
21:58:30,75.0,252.2,52.0,0.040608,0.359
21:58:30,75.0,252.2,52.0,0.04055,0.3585
21:59:00,75.0,252.2,52.0,0.041233,0.3645
21:59:00,75.0,252.2,52.0,0.041175,0.364
21:59:30,65.0,248.8,50.0,0.041775,0.3693
21:59:30,65.0,248.8,50.0,0.041717,0.3688
22:00:01,65.0,248.8,50.0,0.042258,0.3736
22:00:01,65.0,248.8,50.0,0.042317,0.3741
22:00:31,65.0,248.8,50.0,0.042858,0.3789
22:00:31,65.0,248.8,50.0,0.0428,0.3784
22:01:01,65.0,248.8,50.0,0.043342,0.3831
22:01:01,65.0,248.8,50.0,0.0434,0.3837
22:01:31,65.0,248.8,50.0,0.043942,0.3884
22:01:31,65.0,248.8,50.0,0.043883,0.3879
22:02:02,65.0,248.8,50.0,0.044425,0.3927
22:02:02,65.0,248.8,50.0,0.044483,0.3932
22:02:32,65.0,248.8,50.0,0.044967,0.3975
22:02:32,65.0,248.8,50.0,0.045025,0.398
22:03:02,65.0,248.8,50.0,0.045567,0.4028
22:03:02,65.0,248.8,50.0,0.045508,0.4023
22:03:33,65.0,248.8,50.0,0.04605,0.4071
22:03:33,65.0,248.8,50.0,0.046108,0.4076
22:04:03,65.0,248.8,50.0,0.046592,0.4119
22:04:03,65.0,248.8,50.0,0.04665,0.4124
22:04:34,65.0,248.8,50.0,0.047133,0.4167
22:04:34,65.0,248.8,50.0,0.047192,0.4172
22:05:04,65.0,248.8,50.0,0.047675,0.4214
22:05:04,65.0,248.8,50.0,0.047733,0.422
22:05:34,65.0,248.8,50.0,0.048217,0.4262
22:05:34,65.0,248.8,50.0,0.048275,0.4268
22:06:04,65.0,248.8,50.0,0.048758,0.431
22:06:05,65.0,248.8,50.0,0.048817,0.4315
22:06:35,65.0,248.8,50.0,0.0493,0.4358
22:06:35,65.0,248.8,50.0,0.049358,0.4363
22:07:06,65.0,248.8,50.0,0.049842,0.4406
22:07:06,65.0,248.8,50.0,0.0499,0.4411
22:07:36,65.0,248.8,50.0,0.050383,0.4454
22:07:36,65.0,248.8,50.0,0.050442,0.4459
22:08:06,65.0,248.8,50.0,0.050925,0.4502
22:08:06,65.0,248.8,50.0,0.050983,0.4507
22:08:37,65.0,248.8,50.0,0.051467,0.455
22:08:37,65.0,248.8,50.0,0.051525,0.4555
22:09:07,105.0,245.5,72.0,0.052342,0.4627
22:09:07,105.0,245.5,72.0,0.0524,0.4632
22:09:48,105.0,245.5,72.0,0.053217,0.4704
22:09:48,105.0,245.5,72.0,0.053275,0.471
22:10:18,105.0,245.5,72.0,0.05415,0.4787
22:10:22,105.0,245.5,72.0,0.054092,0.4782
22:10:49,105.0,245.5,72.0,0.055025,0.4864
22:10:53,105.0,245.5,72.0,0.054967,0.4859
22:11:27,105.0,245.5,72.0,0.0559,0.4942
22:11:29,105.0,245.5,72.0,0.055842,0.4936
22:12:00,105.0,245.5,72.0,0.056775,0.5019
22:12:01,105.0,245.5,72.0,0.056717,0.5014
22:12:30,105.0,245.5,72.0,0.05765,0.5096
22:12:32,105.0,245.5,72.0,0.057592,0.5091
22:13:04,105.0,245.5,72.0,0.058525,0.5174
22:13:06,105.0,245.5,72.0,0.058467,0.5168
22:13:34,105.0,245.5,72.0,0.0594,0.5251
22:13:37,105.0,245.5,72.0,0.059342,0.5246
22:14:04,95.0,244.6,65.0,0.060192,0.5321
22:14:07,95.0,244.6,65.0,0.060133,0.5316
22:14:35,95.0,244.6,65.0,0.060983,0.5391
22:14:37,95.0,244.6,65.0,0.060925,0.5386
22:15:11,95.0,244.6,65.0,0.061775,0.5461
22:15:15,95.0,244.6,65.0,0.061717,0.5456
22:15:41,95.0,244.6,65.0,0.062567,0.5531
22:15:46,95.0,244.6,65.0,0.062508,0.5526
22:16:13,95.0,244.6,65.0,0.063358,0.5601
22:16:17,95.0,244.6,65.0,0.0633,0.5596
22:16:46,95.0,244.6,65.0,0.06415,0.5671
22:16:49,95.0,244.6,65.0,0.064092,0.5666
22:17:22,95.0,244.6,65.0,0.064942,0.5741
22:17:23,95.0,244.6,65.0,0.064883,0.5736
22:17:52,125.0,246.5,81.0,0.065983,0.5833
22:17:53,125.0,246.5,81.0,0.065925,0.5828
22:18:22,125.0,246.5,81.0,0.067025,0.5925
22:18:24,125.0,246.5,81.0,0.066967,0.592
22:18:53,125.0,246.5,81.0,0.068067,0.6017
22:18:55,125.0,246.5,81.0,0.068008,0.6012
22:19:32,125.0,246.5,81.0,0.06905,0.6104
22:20:03,74.0,246.5,52.0,0.069667,0.6159
22:20:05,100.0,246.5,64.0,0.0689,0.6091
22:20:33,72.0,246.9,52.0,0.070267,0.6212
22:20:35,72.0,246.9,52.0,0.0695,0.6144
22:21:03,72.0,246.9,52.0,0.070867,0.6265
22:21:07,72.0,246.9,52.0,0.0701,0.6197
22:21:35,72.0,246.9,52.0,0.071467,0.6318
22:21:38,72.0,246.9,52.0,0.0707,0.625
22:22:07,72.0,246.9,52.0,0.072067,0.6371
22:22:11,72.0,246.9,52.0,0.0713,0.6303
22:22:40,72.0,246.9,52.0,0.072667,0.6424
22:22:41,72.0,246.9,52.0,0.0719,0.6356
22:23:10,82.0,250.8,56.0,0.07335,0.6484
22:23:12,82.0,250.8,56.0,0.072583,0.6416
22:23:43,73.0,245.5,55.0,0.073958,0.6538
22:23:45,73.0,245.5,55.0,0.073192,0.647
22:24:19,73.0,245.5,55.0,0.074567,0.6592
22:24:21,73.0,245.5,55.0,0.0738,0.6524
